sp,dutty
0.58,0.0
0.58,0.0
0.57,0.0
0.57,0.0
0.57,0.0
0.57,0.0
0.57,0.0
0.57,0.0
0.57,0.0
0.56,0.0
0.56,0.0
0.56,0.0
0.56,0.0
0.56,0.0
0.56,0.0
0.55,0.0
0.55,0.0
0.55,0.0
0.55,0.0
0.55,0.0
0.55,0.0
0.55,0.0
0.54,0.0
0.54,0.0
0.54,0.0
0.54,0.0
0.54,0.0
0.54,0.0
0.54,0.0
0.53,0.0
0.53,0.0
0.53,0.0
0.53,0.0
0.53,0.0
0.53,0.0
0.53,0.0
0.53,0.0
0.52,0.0
0.52,0.0
0.52,0.0
0.52,0.0
0.52,0.0
0.52,0.0
0.52,0.0
0.52,0.0
0.51,0.0
0.51,0.0
0.51,0.0
0.51,0.0
0.51,0.0
0.51,0.0
0.51,0.0
0.51,0.0
0.5,0.0
0.5,0.0
0.5,0.0
0.5,0.0
0.5,0.0
0.5,0.0
0.5,0.0
0.5,0.0
0.49,0.0
0.49,0.0
0.49,0.0
0.49,0.0
0.49,0.0
0.49,0.0
0.49,0.0
0.49,0.0
0.48,0.0
0.48,0.0
0.48,0.0
0.48,0.0
0.48,0.0
0.48,0.0
0.48,0.0
0.48,0.0
0.48,0.0
0.47,0.0
0.47,0.0
0.47,0.0
0.47,0.0
0.47,0.0
0.47,0.0
0.47,0.0
0.47,0.0
0.47,0.0
0.47,0.0
0.46,0.0
0.46,0.0
0.46,0.0
0.46,0.0
0.46,0.0
0.46,0.0
0.46,0.0
0.46,0.0
0.46,0.0
0.45,0.0
0.45,0.0
0.45,0.0
0.45,0.0
0.45,0.0
0.45,0.0
0.45,0.0
0.45,0.0
0.45,0.0
0.45,0.0
0.44,0.0
0.44,0.0
0.44,0.0
0.44,0.0
0.44,0.0
0.44,0.0
0.44,0.0
0.44,0.0
0.44,0.0
0.44,0.0
0.44,0.0
0.43,0.0
0.43,0.0
0.43,0.0
0.43,0.0
0.43,0.0
0.43,0.0
0.43,0.0
0.43,0.0
0.43,0.0
0.43,0.0
0.42,0.0
0.42,0.0
0.42,0.0
0.42,0.0
0.42,0.0
0.42,0.0
0.42,0.0
0.42,0.0
0.42,0.0
0.42,0.0
0.42,0.0
0.42,0.0
0.41,0.0
0.41,0.0
0.41,0.0
0.41,0.0
0.41,0.0
0.41,0.0
0.41,0.0
0.41,0.0
0.41,0.0
0.41,0.0
0.41,0.0
0.41,0.0
0.4,0.0
0.4,0.0
0.4,0.0
0.4,0.0
0.4,0.0
0.4,0.0
0.4,0.0
0.4,0.0
0.4,0.0
0.4,0.0
0.4,0.0
0.4,0.0
0.39,0.0
0.39,0.0
0.39,0.0
0.39,0.0
0.39,0.0
0.39,0.0
0.39,0.0
0.39,0.0
0.39,0.0
0.42,0.0
0.5,0.0
0.61,0.0
0.74,0.0
0.9,0.0
1.11,0.0
1.35,0.0
1.64,0.0
1.97,0.0
2.37,0.0
2.84,0.0
3.38,0.0
4.0,0.0
4.73,0.0
5.77,0.0
7.05,0.0
8.62,0.0
10.58,0.0
12.39,0.0
14.41,3.0
17.13,7.0
20.39,13.0
24.1,22.0
28.48,32.0
33.67,48.0
39.64,70.0
46.44,100.0
54.12,135.0
62.64,175.0
72.03,210.0
82.85,245.0
94.68,255.0
107.36,255.0
119.58,255.0
131.98,255.0
144.13,255.0
156.92,255.0
168.06,255.0
179.83,255.0
189.71,255.0
198.91,255.0
208.31,255.0
217.15,255.0
224.06,255.0
230.27,255.0
235.84,255.0
240.69,255.0
245.97,255.0
250.87,255.0
254.54,255.0
257.8,255.0
260.78,255.0
263.38,255.0
265.56,255.0
267.39,255.0
269.09,255.0
270.56,255.0
271.3,255.0
271.8,255.0
272.13,255.0
272.23,255.0
272.17,255.0
271.97,255.0
271.7,255.0
271.33,255.0
270.89,255.0
270.41,255.0
269.84,255.0
269.04,255.0
268.17,255.0
267.2,255.0
266.2,255.0
264.91,255.0
263.72,255.0
262.32,255.0
260.82,255.0
259.12,255.0
257.32,255.0
255.53,255.0
253.53,255.0
251.58,255.0
249.46,255.0
247.3,255.0
245.0,255.0
242.72,255.0
240.38,255.0
238.02,255.0
235.35,255.0
232.66,255.0
229.86,255.0
227.01,255.0
224.06,255.0
221.09,255.0
217.99,255.0
214.93,255.0
211.88,255.0
208.75,255.0
205.63,255.0
202.58,255.0
199.61,255.0
195.96,250.0
192.24,235.0
188.38,210.0
184.39,190.0
180.23,170.0
175.99,145.0
171.7,125.0
167.36,105.0
163.03,85.0
158.72,60.0
154.38,35.0
150.14,0.0
146.0,0.0
141.91,0.0
137.93,5.0
134.13,13.0
130.44,25.0
126.86,42.0
123.45,60.0
120.21,81.0
117.06,108.0
114.07,136.0
111.22,166.0
108.51,200.0
105.99,215.0
103.7,225.0
101.57,235.0
99.59,245.0
97.76,255.0
96.05,255.0
94.47,255.0
93.05,255.0
91.68,255.0
90.4,255.0
89.26,255.0
88.2,255.0
87.2,255.0
86.28,255.0
85.41,255.0
84.6,255.0
83.8,255.0
83.09,255.0
82.42,255.0
81.79,255.0
80.71,255.0
79.57,255.0
78.37,255.0
77.08,255.0
75.65,255.0
74.2,255.0
72.69,255.0
71.13,255.0
69.5,255.0
67.85,255.0
66.17,255.0
64.48,255.0
63.33,255.0
62.27,255.0
61.37,255.0
60.59,255.0
59.99,255.0
59.53,255.0
59.14,255.0
59.13,255.0
59.19,255.0
59.38,255.0
59.7,255.0
60.08,255.0
60.52,255.0
61.24,255.0
62.02,255.0
62.89,255.0
63.85,255.0
65.02,255.0
66.37,255.0
67.85,255.0
69.46,255.0
71.19,255.0
73.21,255.0
75.35,255.0
77.66,255.0
80.41,255.0
83.13,255.0
86.22,255.0
89.55,255.0
93.13,255.0
96.88,255.0
100.84,250.0
105.37,225.0
109.75,205.0
114.72,180.0
119.97,155.0
124.93,130.0
130.49,100.0
136.23,70.0
142.06,45.0
147.89,0.0
153.82,0.0
159.7,0.0
166.36,7.0
172.28,21.0
178.08,40.0
183.8,64.0
189.39,95.0
194.6,129.0
199.59,168.0
204.43,212.0
208.98,255.0
213.24,255.0
217.31,255.0
221.93,255.0
225.7,255.0
229.22,255.0
232.6,255.0
235.77,255.0
238.68,255.0
241.36,255.0
243.89,255.0
246.09,255.0
247.66,255.0
248.97,255.0
250.06,255.0
251.42,255.0
252.12,255.0
253.15,255.0
253.67,255.0
254.1,255.0
254.41,255.0
254.65,255.0
254.46,255.0
254.4,255.0
254.04,255.0
253.89,255.0
253.64,255.0
253.37,255.0
252.84,255.0
252.28,255.0
251.64,255.0
250.97,255.0
250.07,255.0
249.11,255.0
248.09,255.0
246.97,255.0
245.79,255.0
244.41,255.0
242.98,255.0
241.48,255.0
239.87,255.0
238.2,255.0
236.46,255.0
234.55,255.0
232.57,255.0
230.44,255.0
228.23,255.0
225.91,255.0
223.51,255.0
221.04,255.0
218.62,255.0
215.8,255.0
212.86,255.0
209.89,255.0
206.81,255.0
203.56,255.0
200.26,245.0
196.93,225.0
193.51,210.0
190.04,195.0
186.63,175.0
183.29,160.0
179.92,140.0
176.64,125.0
173.34,110.0
170.13,95.0
167.02,80.0
164.02,65.0
161.06,50.0
158.26,35.0
155.56,0.0
152.96,0.0
150.51,0.0
148.1,0.0
145.78,0.0
143.65,4.0
141.6,10.0
139.57,18.0
137.72,28.0
135.93,40.0
134.25,51.0
134.43,59.0
134.95,68.0
135.57,72.0
136.36,75.0
137.51,70.0
139.04,60.0
140.59,55.0
142.32,45.0
144.25,35.0
146.33,25.0
148.62,0.0
150.84,0.0
153.16,0.0
155.7,0.0
158.12,0.0
160.55,4.0
163.12,11.0
165.73,19.0
168.49,32.0
171.01,47.0
173.53,63.0
176.23,84.0
176.5,96.0
176.88,108.0
176.88,120.0
176.47,120.0
175.57,115.0
174.53,110.0
173.26,105.0
171.75,95.0
170.06,90.0
168.24,80.0
166.28,70.0
164.19,60.0
162.0,45.0
159.71,35.0
157.31,25.0
154.82,0.0
152.3,0.0
149.73,0.0
147.1,0.0
144.46,4.0
141.77,11.0
139.08,19.0
136.44,32.0
133.8,47.0
131.16,63.0
128.87,84.0
126.63,104.0
124.55,126.0
122.57,150.0
120.74,160.0
119.06,165.0
117.42,175.0
115.92,185.0
114.51,190.0
113.22,195.0
112.04,200.0
110.94,210.0
109.86,215.0
108.92,220.0
108.0,225.0
107.13,225.0
106.34,230.0
105.57,235.0
104.87,240.0
104.18,240.0
103.6,245.0
103.01,245.0
102.45,250.0
101.96,255.0
101.46,255.0
100.86,255.0
100.28,255.0
99.67,255.0
99.05,255.0
98.42,255.0
97.8,255.0
97.16,255.0
96.53,255.0
95.89,255.0
95.24,255.0
94.62,255.0
93.99,255.0
93.38,255.0
92.77,255.0
92.18,255.0
91.59,255.0
91.01,255.0
90.43,255.0
89.87,255.0
89.32,255.0
88.77,255.0
88.24,255.0
87.86,255.0
87.52,255.0
87.22,255.0
86.96,255.0
86.76,255.0
86.59,255.0
86.57,255.0
86.61,255.0
86.73,255.0
86.88,255.0
87.06,255.0
87.33,255.0
87.76,255.0
88.24,255.0
88.79,255.0
89.49,255.0
90.3,255.0
91.31,255.0
92.4,255.0
93.63,255.0
95.14,255.0
96.8,255.0
98.65,255.0
100.69,255.0
103.18,245.0
105.92,235.0
108.98,220.0
112.36,200.0
116.04,180.0
120.03,160.0
124.31,140.0
128.92,120.0
133.78,95.0
139.48,65.0
144.96,40.0
150.68,0.0
156.52,0.0
162.43,0.0
168.27,8.0
174.11,22.0
179.85,40.0
185.47,66.0
190.95,95.0
196.98,132.0
202.11,175.0
207.99,220.0
212.92,255.0
217.65,255.0
222.04,255.0
226.16,255.0
229.96,255.0
233.54,255.0
236.76,255.0
239.78,255.0
241.93,255.0
244.37,255.0
246.61,255.0
248.68,255.0
250.52,255.0
251.76,255.0
253.28,255.0
254.68,255.0
255.46,255.0
256.12,255.0
256.64,255.0
257.02,255.0
257.2,255.0
257.32,255.0
257.06,255.0
256.74,255.0
256.56,255.0
256.28,255.0
255.7,255.0
255.11,255.0
254.69,255.0
253.99,255.0
253.22,255.0
252.45,255.0
251.49,255.0
250.6,255.0
249.67,255.0
248.55,255.0
247.37,255.0
246.16,255.0
244.76,255.0
243.36,255.0
241.8,255.0
240.06,255.0
238.23,255.0
236.42,255.0
234.54,255.0
232.49,255.0
230.36,255.0
228.02,255.0
225.51,255.0
222.89,255.0
220.15,255.0
217.29,255.0
214.3,255.0
211.24,255.0
208.2,255.0
205.05,255.0
201.84,245.0
198.71,230.0
195.59,215.0
192.43,200.0
189.28,185.0
186.25,170.0
183.2,155.0
180.23,140.0
177.34,125.0
174.08,110.0
170.79,90.0
167.5,75.0
164.14,60.0
160.72,40.0
157.29,25.0
153.85,0.0
150.47,0.0
147.09,0.0
143.77,4.0
140.51,12.0
137.32,22.0
134.24,36.0
131.23,52.0
128.33,72.0
125.49,94.0
122.76,120.0
120.14,144.0
117.63,175.0
115.22,185.0
112.85,200.0
110.57,210.0
108.39,220.0
106.28,230.0
104.26,240.0
102.3,250.0
100.47,255.0
98.7,255.0
96.99,255.0
95.39,255.0
93.83,255.0
92.37,255.0
90.95,255.0
89.62,255.0
88.32,255.0
87.09,255.0
85.94,255.0
84.35,255.0
82.75,255.0
81.1,255.0
79.36,255.0
77.53,255.0
75.65,255.0
73.76,255.0
71.82,255.0
69.87,255.0
67.91,255.0
65.94,255.0
64.64,255.0
63.45,255.0
62.41,255.0
61.55,255.0
60.93,255.0
60.43,255.0
60.0,255.0
59.71,255.0
59.72,255.0
59.83,255.0
60.0,255.0
60.26,255.0
60.67,255.0
61.11,255.0
61.84,255.0
62.67,255.0
63.59,255.0
64.5,255.0
65.52,255.0
66.71,255.0
68.12,255.0
69.54,255.0
71.03,255.0
72.9,255.0
74.93,255.0
76.93,255.0
79.5,255.0
82.32,255.0
85.3,255.0
88.51,255.0
92.0,255.0
95.7,255.0
99.61,255.0
104.14,240.0
108.95,220.0
114.0,190.0
119.33,165.0
124.99,140.0
130.78,110.0
136.82,80.0
142.4,50.0
148.52,0.0
153.98,0.0
159.87,0.0
165.63,6.0
171.34,19.0
176.88,36.0
182.28,60.0
187.55,87.0
192.6,120.0
197.37,157.0
202.01,200.0
206.44,243.0
210.61,255.0
215.46,255.0
219.38,255.0
223.07,255.0
226.6,255.0
229.98,255.0
233.09,255.0
236.02,255.0
238.72,255.0
241.21,255.0
243.5,255.0
245.15,255.0
247.05,255.0
248.85,255.0
250.52,255.0
252.01,255.0
253.44,255.0
254.32,255.0
255.08,255.0
255.68,255.0
256.1,255.0
256.4,255.0
256.6,255.0
256.66,255.0
256.67,255.0
256.61,255.0
256.51,255.0
256.32,255.0
255.73,255.0
255.2,255.0
254.6,255.0
253.9,255.0
252.97,255.0
252.01,255.0
250.96,255.0
249.97,255.0
248.8,255.0
247.43,255.0
245.97,255.0
244.44,255.0
242.84,255.0
241.27,255.0
239.67,255.0
237.8,255.0
235.86,255.0
233.73,255.0
231.5,255.0
229.15,255.0
226.79,255.0
224.4,255.0
221.94,255.0
219.04,255.0
216.02,255.0
212.83,255.0
209.48,255.0
206.0,255.0
202.4,250.0
198.73,230.0
195.0,210.0
191.22,195.0
187.4,175.0
183.6,155.0
179.72,135.0
175.94,115.0
172.2,100.0
168.58,80.0
165.02,65.0
161.58,45.0
157.82,25.0
154.07,0.0
150.4,0.0
146.75,0.0
143.07,4.0
139.46,13.0
135.94,25.0
132.45,40.0
129.05,57.0
125.78,81.0
122.6,105.0
119.55,132.0
116.59,162.0
113.75,195.0
111.03,205.0
108.39,220.0
105.91,235.0
103.53,245.0
101.26,255.0
99.09,255.0
97.0,255.0
95.05,255.0
93.17,255.0
91.47,255.0
89.88,255.0
88.39,255.0
87.0,255.0
85.7,255.0
84.52,255.0
83.43,255.0
82.4,255.0
81.44,255.0
80.54,255.0
79.7,255.0
78.91,255.0
78.16,255.0
77.46,255.0
76.76,255.0
76.1,255.0
75.48,255.0
74.89,255.0
74.33,255.0
73.81,255.0
73.31,255.0
72.83,255.0
72.38,255.0
72.12,255.0
71.96,255.0
71.81,255.0
71.72,255.0
71.73,255.0
71.74,255.0
71.83,255.0
72.13,255.0
72.49,255.0
72.92,255.0
73.36,255.0
73.85,255.0
74.51,255.0
75.28,255.0
76.06,255.0
76.9,255.0
77.8,255.0
78.95,255.0
80.16,255.0
81.47,255.0
82.87,255.0
84.52,255.0
86.49,255.0
88.41,255.0
90.7,255.0
93.21,255.0
95.93,255.0
99.17,255.0
102.38,250.0
106.16,230.0
110.24,210.0
114.23,190.0
118.76,170.0
123.63,145.0
128.7,120.0
134.01,90.0
139.05,65.0
144.59,40.0
150.24,0.0
155.93,0.0
161.61,0.0
167.27,7.0
172.87,20.0
178.4,39.0
183.78,62.0
189.04,92.0
193.53,123.0
198.23,161.0
202.68,200.0
206.94,243.0
210.97,255.0
214.83,255.0
218.47,255.0
221.96,255.0
225.26,255.0
228.36,255.0
231.23,255.0
233.99,255.0
236.55,255.0
238.97,255.0
241.21,255.0
242.83,255.0
244.26,255.0
245.47,255.0
246.47,255.0
247.25,255.0
248.3,255.0
248.9,255.0
249.35,255.0
249.73,255.0
250.04,255.0
250.2,255.0
250.04,255.0
250.04,255.0
249.78,255.0
249.39,255.0
248.79,255.0
248.25,255.0
247.64,255.0
246.95,255.0
246.24,255.0
245.36,255.0
244.42,255.0
243.54,255.0
242.51,255.0
241.41,255.0
240.15,255.0
238.83,255.0
237.55,255.0
236.0,255.0
234.36,255.0
232.64,255.0
230.96,255.0
229.21,255.0
227.42,255.0
225.39,255.0
223.22,255.0
220.96,255.0
218.63,255.0
216.19,255.0
213.71,255.0
211.2,255.0
208.66,255.0
206.1,255.0
203.52,255.0
200.96,240.0
198.44,230.0
195.83,215.0
192.68,200.0
189.41,185.0
186.0,165.0
182.43,150.0
178.67,130.0
174.8,110.0
170.84,90.0
166.79,70.0
162.71,50.0
158.62,30.0
154.52,0.0
150.42,0.0
146.38,0.0
142.42,5.0
138.54,14.0
134.75,27.0
131.05,42.0
127.44,62.0
123.98,87.0
120.67,112.0
117.51,140.0
114.43,171.0
111.5,205.0
108.81,220.0
106.35,230.0
104.07,240.0
101.89,255.0
99.92,255.0
98.03,255.0
96.32,255.0
94.73,255.0
93.21,255.0
91.83,255.0
90.55,255.0
89.31,255.0
88.2,255.0
87.16,255.0
86.15,255.0
85.24,255.0
84.35,255.0
83.48,255.0
82.65,255.0
81.84,255.0
81.07,255.0
80.31,255.0
79.59,255.0
78.91,255.0
78.23,255.0
77.58,255.0
76.94,255.0
76.46,255.0
76.04,255.0
75.65,255.0
75.34,255.0
75.07,255.0
74.83,255.0
74.62,255.0
74.46,255.0
74.44,255.0
74.52,255.0
74.64,255.0
74.81,255.0
75.02,255.0
75.28,255.0
75.75,255.0
76.28,255.0
76.8,255.0
77.37,255.0
78.01,255.0
78.82,255.0
79.78,255.0
80.74,255.0
81.87,255.0
83.25,255.0
84.76,255.0
86.41,255.0
88.2,255.0
90.32,255.0
92.62,255.0
94.93,255.0
97.62,255.0
100.51,255.0
103.57,245.0
107.14,225.0
111.03,205.0
114.8,190.0
119.14,165.0
123.77,145.0
128.64,120.0
133.7,95.0
139.04,65.0
144.47,40.0
150.08,0.0
155.74,0.0
161.42,0.0
167.08,7.0
172.7,20.0
178.25,39.0
183.66,62.0
188.91,90.0
193.91,123.0
198.79,161.0
203.42,204.0
207.26,247.0
211.34,255.0
215.24,255.0
218.86,255.0
222.26,255.0
225.47,255.0
228.43,255.0
231.28,255.0
233.37,255.0
235.81,255.0
238.13,255.0
239.7,255.0
241.53,255.0
243.33,255.0
244.47,255.0
245.92,255.0
246.87,255.0
248.09,255.0
248.79,255.0
249.39,255.0
249.86,255.0
249.96,255.0
249.87,255.0
249.68,255.0
249.62,255.0
249.23,255.0
248.79,255.0
248.27,255.0
247.71,255.0
246.87,255.0
246.01,255.0
245.08,255.0
244.18,255.0
243.1,255.0
241.98,255.0
240.83,255.0
239.62,255.0
238.26,255.0
236.82,255.0
235.23,255.0
233.66,255.0
231.93,255.0
230.1,255.0
228.3,255.0
226.47,255.0
224.5,255.0
222.24,255.0
219.83,255.0
217.34,255.0
214.69,255.0
211.89,255.0
209.01,255.0
206.09,255.0
203.06,255.0
200.0,240.0
196.89,220.0
193.71,205.0
190.54,190.0
187.41,175.0
184.3,160.0
181.15,145.0
178.07,130.0
175.07,115.0
172.1,100.0
169.26,85.0
166.51,70.0
163.84,55.0
161.06,45.0
158.37,30.0
155.66,0.0
153.04,0.0
150.5,0.0
147.95,0.0
145.53,3.0
143.15,9.0
140.85,18.0
138.57,28.0
136.42,40.0
134.34,54.0
132.33,70.0
130.44,88.0
128.61,108.0
126.84,130.0
125.16,135.0
123.54,145.0
121.97,155.0
120.44,160.0
119.0,170.0
117.68,175.0
116.36,180.0
115.15,185.0
113.96,195.0
112.81,200.0
111.67,205.0
110.59,210.0
109.58,215.0
108.54,220.0
107.55,225.0
106.58,230.0
105.65,235.0
104.74,240.0
103.87,245.0
103.01,245.0
102.19,250.0
101.37,255.0
100.59,255.0
99.85,255.0
99.14,255.0
98.3,255.0
97.46,255.0
96.59,255.0
95.73,255.0
94.83,255.0
93.93,255.0
93.03,255.0
92.11,255.0
91.18,255.0
90.29,255.0
89.58,255.0
88.94,255.0
88.33,255.0
87.8,255.0
87.32,255.0
86.86,255.0
86.49,255.0
86.3,255.0
86.15,255.0
86.12,255.0
86.14,255.0
86.24,255.0
86.34,255.0
86.66,255.0
87.01,255.0
87.43,255.0
87.9,255.0
88.44,255.0
89.2,255.0
90.02,255.0
90.95,255.0
92.09,255.0
93.35,255.0
94.71,255.0
96.2,255.0
97.85,255.0
99.79,255.0
101.89,255.0
104.17,240.0
106.65,230.0
109.29,215.0
112.4,200.0
115.78,185.0
119.43,165.0
123.37,145.0
127.22,125.0
131.6,105.0
136.22,80.0
141.65,55.0
146.81,30.0
152.18,0.0
157.7,0.0
163.33,5.0
168.81,16.0
174.29,33.0
179.74,54.0
185.07,82.0
190.2,114.0
195.24,150.0
200.06,192.0
204.71,234.0
209.12,255.0
213.37,255.0
217.38,255.0
221.17,255.0
224.68,255.0
228.06,255.0
231.18,255.0
234.13,255.0
236.36,255.0
238.77,255.0
241.04,255.0
243.2,255.0
245.08,255.0
246.44,255.0
248.11,255.0
249.65,255.0
250.63,255.0
251.43,255.0
252.12,255.0
252.62,255.0
252.95,255.0
253.21,255.0
253.32,255.0
253.35,255.0
253.07,255.0
252.96,255.0
252.53,255.0
252.3,255.0
251.81,255.0
251.08,255.0
250.42,255.0
249.72,255.0
248.96,255.0
247.88,255.0
246.86,255.0
245.75,255.0
244.57,255.0
243.34,255.0
242.07,255.0
240.61,255.0
239.01,255.0
237.32,255.0
235.52,255.0
233.62,255.0
231.64,255.0
229.58,255.0
227.13,255.0
224.51,255.0
221.81,255.0
218.93,255.0
215.85,255.0
212.63,255.0
209.32,255.0
205.93,255.0
202.43,250.0
198.89,230.0
195.35,215.0
191.71,195.0
188.08,180.0
184.51,160.0
180.98,140.0
177.53,125.0
174.07,110.0
170.71,90.0
167.51,75.0
164.37,60.0
160.96,40.0
157.6,25.0
154.31,0.0
151.02,0.0
147.74,0.0
144.47,4.0
141.27,11.0
138.12,21.0
135.05,34.0
132.09,50.0
129.19,69.0
126.41,91.0
123.75,116.0
121.18,139.0
118.67,170.0
116.32,180.0
114.05,190.0
111.88,205.0
109.79,215.0
107.83,225.0
105.84,235.0
103.93,245.0
102.13,250.0
100.39,255.0
98.71,255.0
97.09,255.0
95.51,255.0
94.03,255.0
92.59,255.0
91.19,255.0
89.86,255.0
88.58,255.0
87.36,255.0
86.21,255.0
85.09,255.0
84.03,255.0
83.03,255.0
82.04,255.0
81.1,255.0
80.18,255.0
79.34,255.0
78.51,255.0
77.69,255.0
76.91,255.0
76.17,255.0
75.46,255.0
75.03,255.0
74.63,255.0
74.31,255.0
74.04,255.0
73.88,255.0
73.76,255.0
73.68,255.0
73.81,255.0
74.01,255.0
74.26,255.0
74.58,255.0
75.02,255.0
75.47,255.0
76.06,255.0
76.72,255.0
77.46,255.0
78.31,255.0
79.49,255.0
80.79,255.0
82.07,255.0
83.49,255.0
85.18,255.0
87.19,255.0
89.36,255.0
91.77,255.0
94.43,255.0
97.28,255.0
100.13,255.0
103.31,245.0
106.67,230.0
110.2,210.0
113.85,195.0
117.66,175.0
122.03,150.0
126.15,130.0
130.85,110.0
135.7,85.0
140.73,60.0
145.89,35.0
151.21,0.0
156.61,0.0
162.02,0.0
167.34,7.0
172.63,20.0
177.91,37.0
183.06,62.0
188.05,90.0
192.88,120.0
197.61,157.0
202.17,200.0
206.49,243.0
210.64,255.0
214.56,255.0
218.2,255.0
221.19,255.0
224.37,255.0
227.37,255.0
230.14,255.0
232.76,255.0
235.24,255.0
237.65,255.0
239.88,255.0
241.5,255.0
243.37,255.0
244.62,255.0
245.67,255.0
246.98,255.0
248.25,255.0
248.95,255.0
249.56,255.0
250.07,255.0
250.45,255.0
250.64,255.0
250.58,255.0
250.63,255.0
250.38,255.0
250.04,255.0
249.83,255.0
249.6,255.0
249.11,255.0
248.58,255.0
247.89,255.0
247.22,255.0
246.52,255.0
245.6,255.0
244.59,255.0
243.48,255.0
242.37,255.0
241.08,255.0
239.62,255.0
238.16,255.0
236.63,255.0
234.91,255.0
233.18,255.0
231.34,255.0
229.4,255.0
227.17,255.0
224.82,255.0
222.35,255.0
219.76,255.0
217.0,255.0
214.2,255.0
211.27,255.0
208.27,255.0
205.23,255.0
202.13,250.0
199.0,235.0
195.87,215.0
192.74,200.0
189.6,185.0
186.53,170.0
183.47,155.0
180.49,140.0
177.08,125.0
173.59,105.0
170.08,90.0
166.5,70.0
162.84,50.0
159.18,35.0
155.51,0.0
151.84,0.0
148.18,0.0
144.57,0.0
141.04,5.0
137.57,15.0
134.18,27.0
130.87,44.0
127.68,62.0
124.62,84.0
121.64,108.0
118.78,136.0
116.03,162.0
113.41,195.0
110.89,210.0
108.54,220.0
106.28,230.0
104.12,240.0
102.05,250.0
100.05,255.0
98.18,255.0
96.39,255.0
94.66,255.0
93.03,255.0
91.47,255.0
89.99,255.0
88.61,255.0
87.27,255.0
86.02,255.0
84.83,255.0
83.68,255.0
82.59,255.0
81.57,255.0
80.61,255.0
79.7,255.0
78.8,255.0
77.96,255.0
77.16,255.0
76.41,255.0
75.69,255.0
75.02,255.0
74.34,255.0
73.7,255.0
73.26,255.0
72.92,255.0
72.66,255.0
72.41,255.0
72.28,255.0
72.18,255.0
72.11,255.0
72.28,255.0
72.5,255.0
72.76,255.0
73.12,255.0
73.52,255.0
73.98,255.0
74.66,255.0
75.35,255.0
76.1,255.0
76.94,255.0
77.84,255.0
78.95,255.0
80.14,255.0
81.45,255.0
82.82,255.0
84.64,255.0
86.47,255.0
88.42,255.0
90.71,255.0
93.02,255.0
95.66,255.0
98.5,255.0
101.57,255.0
105.08,235.0
108.57,220.0
112.66,200.0
117.03,175.0
121.65,155.0
126.56,130.0
131.7,105.0
137.07,75.0
142.59,50.0
148.29,0.0
153.97,0.0
159.73,0.0
165.47,6.0
171.1,19.0
176.02,36.0
181.36,58.0
186.53,85.0
191.47,117.0
196.23,154.0
200.8,192.0
204.67,234.0
208.69,255.0
212.56,255.0
215.55,255.0
218.87,255.0
221.44,255.0
224.28,255.0
226.9,255.0
229.44,255.0
231.33,255.0
233.57,255.0
235.15,255.0
236.54,255.0
238.24,255.0
239.36,255.0
240.74,255.0
241.63,255.0
242.4,255.0
243.02,255.0
243.6,255.0
243.7,255.0
244.01,255.0
244.21,255.0
244.08,255.0
243.86,255.0
243.61,255.0
243.27,255.0
242.81,255.0
242.32,255.0
241.61,255.0
241.01,255.0
240.33,255.0
239.5,255.0
238.47,255.0
237.39,255.0
236.24,255.0
234.99,255.0
233.65,255.0
232.15,255.0
230.55,255.0
228.98,255.0
227.38,255.0
225.6,255.0
223.79,255.0
221.91,255.0
219.78,255.0
217.58,255.0
215.29,255.0
212.93,255.0
210.46,255.0
207.87,255.0
205.29,255.0
202.69,250.0
200.01,240.0
197.36,225.0
194.61,210.0
191.93,195.0
188.72,180.0
185.39,165.0
181.96,145.0
178.37,130.0
174.64,110.0
170.81,90.0
166.94,70.0
162.98,50.0
159.01,35.0
155.01,0.0
151.01,0.0
147.07,0.0
143.19,4.0
139.39,13.0
135.67,25.0
132.08,40.0
128.58,60.0
125.22,81.0
122.0,105.0
118.87,136.0
115.87,166.0
113.06,195.0
110.32,210.0
107.76,225.0
105.31,235.0
102.96,250.0
100.78,255.0
98.73,255.0
96.83,255.0
95.05,255.0
93.39,255.0
91.79,255.0
90.3,255.0
88.91,255.0
87.61,255.0
86.39,255.0
85.25,255.0
84.19,255.0
83.19,255.0
82.25,255.0
81.37,255.0
80.54,255.0
79.73,255.0
78.96,255.0
78.2,255.0
77.48,255.0
76.79,255.0
76.15,255.0
75.51,255.0
74.9,255.0
74.35,255.0
74.0,255.0
73.71,255.0
73.49,255.0
73.32,255.0
73.22,255.0
73.15,255.0
73.15,255.0
73.4,255.0
73.66,255.0
73.97,255.0
74.34,255.0
74.83,255.0
75.31,255.0
76.03,255.0
76.8,255.0
77.67,255.0
78.59,255.0
79.74,255.0
80.95,255.0
82.29,255.0
83.83,255.0
85.55,255.0
87.53,255.0
89.51,255.0
91.88,255.0
94.23,255.0
96.96,255.0
99.84,255.0
103.3,245.0
106.99,230.0
110.65,210.0
114.47,190.0
118.87,170.0
123.5,145.0
128.37,120.0
133.01,95.0
138.25,70.0
143.57,45.0
149.01,0.0
155.19,0.0
160.93,0.0
166.65,7.0
172.33,20.0
178.01,39.0
183.53,62.0
188.89,90.0
194.0,123.0
198.38,161.0
202.97,200.0
207.31,247.0
211.4,255.0
215.2,255.0
218.89,255.0
222.38,255.0
225.66,255.0
228.75,255.0
231.04,255.0
233.08,255.0
234.95,255.0
237.06,255.0
238.95,255.0
240.7,255.0
242.42,255.0
244.07,255.0
245.65,255.0
246.71,255.0
247.65,255.0
248.42,255.0
249.0,255.0
249.13,255.0
249.12,255.0
249.0,255.0
248.72,255.0
248.54,255.0
248.12,255.0
247.61,255.0
247.06,255.0
246.3,255.0
245.61,255.0
244.75,255.0
243.99,255.0
243.01,255.0
241.96,255.0
240.88,255.0
239.74,255.0
238.53,255.0
237.07,255.0
235.64,255.0
234.15,255.0
232.49,255.0
230.84,255.0
229.04,255.0
227.29,255.0
225.21,255.0
223.07,255.0
220.81,255.0
218.43,255.0
215.99,255.0
213.42,255.0
210.83,255.0
208.16,255.0
205.43,255.0
202.67,250.0
199.9,235.0
197.11,225.0
194.37,210.0
191.62,195.0
187.82,175.0
183.79,155.0
179.98,135.0
175.47,115.0
171.14,95.0
166.19,70.0
161.07,45.0
155.74,0.0
150.27,0.0
144.61,0.0
139.52,6.0
133.86,19.0
128.89,36.0
123.43,58.0
118.11,85.0
112.83,120.0
107.72,157.0
102.66,200.0
98.46,243.0
93.84,255.0
90.13,255.0
86.06,255.0
82.22,255.0
78.46,255.0
75.75,255.0
73.21,255.0
70.94,255.0
69.04,255.0
67.47,255.0
66.04,255.0
64.85,255.0
63.85,255.0
63.0,255.0
62.26,255.0
61.67,255.0
61.18,255.0
60.73,255.0
60.4,255.0
60.05,255.0
59.77,255.0
59.51,255.0
59.3,255.0
59.11,255.0
58.92,255.0
58.76,255.0
58.63,255.0
58.51,255.0
58.69,255.0
58.85,255.0
59.06,255.0
59.38,255.0
59.72,255.0
60.09,255.0
60.51,255.0
61.07,255.0
61.67,255.0
62.38,255.0
63.1,255.0
63.85,255.0
64.8,255.0
65.87,255.0
67.03,255.0
68.25,255.0
69.52,255.0
71.05,255.0
72.67,255.0
74.36,255.0
76.19,255.0
78.3,255.0
80.53,255.0
82.9,255.0
85.68,255.0
88.7,255.0
91.91,255.0
95.69,255.0
99.42,255.0
103.37,245.0
107.89,225.0
112.7,200.0
117.8,175.0
123.18,145.0
128.84,120.0
134.7,90.0
140.68,60.0
146.75,30.0
152.89,0.0
159.0,0.0
165.9,6.0
172.06,20.0
178.11,39.0
184.02,64.0
189.78,92.0
195.16,129.0
200.3,168.0
205.14,212.0
209.75,255.0
214.07,255.0
218.19,255.0
221.98,255.0
225.59,255.0
228.91,255.0
232.02,255.0
234.94,255.0
237.06,255.0
238.99,255.0
241.16,255.0
243.17,255.0
244.39,255.0
245.51,255.0
246.48,255.0
247.26,255.0
247.79,255.0
248.22,255.0
248.58,255.0
248.81,255.0
248.95,255.0
248.79,255.0
248.56,255.0
248.24,255.0
247.79,255.0
247.26,255.0
246.65,255.0
246.01,255.0
245.19,255.0
244.28,255.0
243.3,255.0
242.42,255.0
241.52,255.0
240.59,255.0
239.49,255.0
238.27,255.0
236.98,255.0
235.6,255.0
234.29,255.0
232.95,255.0
231.25,255.0
229.54,255.0
227.76,255.0
225.92,255.0
223.9,255.0
221.84,255.0
219.78,255.0
217.58,255.0
215.01,255.0
212.35,255.0
209.61,255.0
206.67,255.0
203.6,255.0
200.46,240.0
197.25,225.0
193.97,205.0
190.58,190.0
187.24,175.0
183.84,155.0
180.46,140.0
177.09,125.0
173.74,105.0
170.43,90.0
167.2,75.0
164.07,60.0
160.92,40.0
157.88,25.0
154.99,0.0
152.2,0.0
149.51,0.0
146.87,0.0
144.43,4.0
142.03,10.0
140.75,18.0
139.76,26.0
139.29,32.0
138.95,42.0
138.95,49.0
139.16,52.0
139.66,58.0
140.19,60.0
141.05,55.0
141.81,55.0
142.65,50.0
143.67,45.0
144.67,40.0
145.7,35.0
146.91,30.0
148.17,0.0
149.45,0.0
150.65,0.0
151.88,0.0
153.1,0.0
154.37,0.0
155.57,0.0
156.75,0.0
157.92,0.0
159.16,3.0
160.31,8.0
161.66,13.0
162.76,20.0
163.82,27.0
165.01,39.0
166.08,49.0
168.74,64.0
171.76,85.0
174.94,110.0
178.96,130.0
183.63,155.0
188.82,180.0
195.52,215.0
202.35,250.0
209.8,255.0
217.86,255.0
225.83,255.0
234.76,255.0
244.01,255.0
253.48,255.0
264.17,255.0
272.54,255.0
281.98,255.0
291.28,255.0
301.57,255.0
310.26,255.0
318.85,255.0
327.06,255.0
333.51,255.0
340.82,255.0
347.04,255.0
352.8,255.0
359.38,255.0
363.26,255.0
367.72,255.0
371.8,255.0
376.9,255.0
380.97,255.0
384.44,255.0
387.65,255.0
390.01,255.0
392.73,255.0
395.39,255.0
397.88,255.0
400.96,255.0
402.0,255.0
403.91,255.0
405.73,255.0
408.23,255.0
409.85,255.0
411.56,255.0
413.2,255.0
414.05,255.0
415.38,255.0
416.56,255.0
417.62,255.0
419.29,255.0
419.54,255.0
420.35,255.0
421.1,255.0
422.51,255.0
423.23,255.0
424.1,255.0
424.97,255.0
425.16,255.0
425.94,255.0
426.64,255.0
426.95,255.0
427.16,255.0
427.46,255.0
427.88,255.0
428.96,255.0
430.2,255.0
430.62,255.0
431.37,255.0
431.84,255.0
432.19,255.0
432.31,255.0
432.72,255.0
432.99,255.0
432.9,255.0
432.76,255.0
432.58,255.0
432.29,255.0
431.92,255.0
431.5,255.0
431.02,255.0
430.51,255.0
429.96,255.0
429.38,255.0
428.76,255.0
426.16,255.0
422.98,255.0
419.04,255.0
414.1,255.0
407.78,255.0
400.18,255.0
391.13,255.0
380.4,255.0
367.91,255.0
353.68,255.0
337.82,255.0
320.51,255.0
302.1,255.0
283.0,255.0
263.68,255.0
244.62,255.0
226.13,255.0
208.55,255.0
192.03,200.0
176.84,120.0
162.85,50.0
150.09,0.0
138.58,0.0
128.07,12.0
118.66,34.0
110.09,63.0
102.36,100.0
95.35,142.0
88.96,192.0
83.18,241.0
77.85,255.0
72.99,255.0
68.53,255.0
64.5,255.0
60.76,255.0
57.35,255.0
54.15,255.0
51.21,255.0
48.5,255.0
45.98,255.0
43.64,255.0
41.45,255.0
39.4,255.0
37.46,255.0
35.7,255.0
34.02,255.0
32.49,255.0
31.02,255.0
29.66,255.0
28.36,255.0
27.16,255.0
26.0,255.0
24.92,255.0
23.91,255.0
22.97,255.0
22.06,255.0
21.2,255.0
20.4,255.0
19.65,255.0
18.9,255.0
18.2,255.0
17.54,255.0
16.92,255.0
16.34,255.0
15.79,255.0
15.27,255.0
14.78,255.0
14.28,255.0
13.8,255.0
13.35,255.0
12.93,255.0
12.52,255.0
12.14,255.0
11.77,255.0
11.42,255.0
11.09,255.0
10.77,255.0
10.47,255.0
10.18,255.0
9.9,255.0
9.64,255.0
9.38,255.0
9.14,255.0
8.91,255.0
8.69,255.0
8.47,255.0
8.27,255.0
8.07,255.0
7.88,255.0
7.7,255.0
7.52,255.0
7.35,255.0
7.19,255.0
7.03,255.0
6.88,255.0
6.74,255.0
6.6,255.0
6.46,255.0
6.33,255.0
6.2,255.0
6.08,255.0
5.96,255.0
5.85,255.0
5.74,255.0
5.63,255.0
5.53,255.0
5.42,255.0
5.33,255.0
5.23,255.0
5.14,255.0
5.05,255.0
4.96,255.0
4.88,255.0
4.8,255.0
4.72,255.0
4.64,255.0
4.57,255.0
4.49,255.0
4.42,255.0
4.35,255.0
4.29,255.0
4.22,255.0
4.16,255.0
4.1,255.0
4.03,255.0
4.22,255.0
4.21,255.0
5.43,255.0
6.98,255.0
8.06,255.0
9.37,255.0
11.02,255.0
12.78,255.0
14.61,255.0
16.65,255.0
18.46,255.0
20.27,255.0
22.5,255.0
24.83,255.0
27.21,255.0
29.72,255.0
32.63,255.0
35.7,255.0
38.96,255.0
42.42,255.0
46.31,255.0
50.42,255.0
54.73,255.0
59.61,255.0
64.76,255.0
70.16,255.0
75.81,255.0
81.74,255.0
87.81,255.0
94.59,255.0
101.56,255.0
108.8,220.0
116.22,180.0
123.1,145.0
129.91,115.0
137.21,75.0
144.26,40.0
151.12,0.0
157.89,0.0
164.51,6.0
170.87,18.0
176.99,36.0
182.85,60.0
188.47,90.0
193.78,123.0
198.8,161.0
203.53,204.0
207.35,247.0
210.81,255.0
214.5,255.0
217.94,255.0
221.02,255.0
224.02,255.0
226.89,255.0
229.59,255.0
231.58,255.0
233.87,255.0
236.03,255.0
238.08,255.0
240.02,255.0
241.93,255.0
243.22,255.0
244.35,255.0
245.74,255.0
246.59,255.0
247.27,255.0
248.27,255.0
248.89,255.0
249.33,255.0
249.4,255.0
249.67,255.0
249.76,255.0
249.81,255.0
249.78,255.0
249.75,255.0
249.62,255.0
249.31,255.0
248.91,255.0
248.47,255.0
247.96,255.0
247.22,255.0
246.42,255.0
245.68,255.0
244.91,255.0
243.96,255.0
242.85,255.0
241.68,255.0
240.41,255.0
239.05,255.0
237.63,255.0
236.13,255.0
234.47,255.0
232.73,255.0
230.82,255.0
228.91,255.0
226.87,255.0
224.8,255.0
222.65,255.0
220.5,255.0
217.9,255.0
215.17,255.0
212.32,255.0
209.3,255.0
206.1,255.0
202.82,250.0
199.41,235.0
195.93,215.0
192.38,200.0
188.77,180.0
185.15,165.0
181.5,145.0
177.86,125.0
174.24,110.0
170.66,90.0
167.18,75.0
163.75,55.0
160.42,40.0
157.15,25.0
154.0,0.0
151.01,0.0
148.08,0.0
145.33,0.0
142.68,5.0
140.13,12.0
137.69,22.0
135.39,34.0
133.19,47.0
131.13,63.0
129.14,80.0
127.28,100.0
125.49,121.0
123.82,145.0
122.24,150.0
120.72,160.0
119.3,165.0
117.96,175.0
116.7,180.0
115.48,185.0
114.33,190.0
113.25,195.0
112.28,200.0
111.32,205.0
110.46,210.0
109.65,215.0
108.89,220.0
108.13,220.0
107.46,225.0
106.78,230.0
106.17,230.0
105.6,235.0
105.06,235.0
104.52,240.0
104.03,240.0
103.57,245.0
103.11,245.0
102.69,250.0
102.27,250.0
101.86,255.0
101.48,255.0
101.11,255.0
100.76,255.0
100.42,255.0
100.11,255.0
99.77,255.0
99.45,255.0
99.15,255.0
98.85,255.0
98.57,255.0
98.3,255.0
98.04,255.0
97.8,255.0
97.56,255.0
97.33,255.0
97.11,255.0
96.92,255.0
96.73,255.0
96.56,255.0
96.39,255.0
96.23,255.0
96.22,255.0
96.26,255.0
96.34,255.0
96.45,255.0
96.81,255.0
97.15,255.0
97.55,255.0
98.22,255.0
98.91,255.0
99.73,255.0
100.66,255.0
101.86,255.0
103.19,245.0
104.67,240.0
106.54,230.0
108.67,220.0
111.03,205.0
113.41,195.0
116.26,180.0
119.1,165.0
122.43,150.0
125.95,135.0
129.82,115.0
133.89,95.0
138.27,70.0
142.83,50.0
147.61,25.0
152.54,0.0
157.6,0.0
162.75,5.0
167.93,15.0
173.15,31.0
177.8,50.0
182.25,75.0
186.43,102.0
190.85,133.0
195.05,172.0
199.19,211.0
203.15,255.0
207.05,255.0
210.77,255.0
214.37,255.0
217.79,255.0
221.05,255.0
224.2,255.0
227.14,255.0
229.47,255.0
232.02,255.0
234.44,255.0
236.69,255.0
238.24,255.0
240.19,255.0
241.49,255.0
242.63,255.0
244.04,255.0
244.9,255.0
245.61,255.0
246.22,255.0
246.48,255.0
246.75,255.0
246.72,255.0
246.58,255.0
246.33,255.0
245.98,255.0
245.55,255.0
245.04,255.0
244.32,255.0
243.5,255.0
242.78,255.0
241.86,255.0
240.84,255.0
239.8,255.0
238.73,255.0
237.56,255.0
236.26,255.0
235.03,255.0
233.51,255.0
232.03,255.0
230.48,255.0
228.79,255.0
227.0,255.0
225.15,255.0
223.36,255.0
221.51,255.0
219.27,255.0
216.87,255.0
214.4,255.0
211.8,255.0
209.05,255.0
206.18,255.0
203.23,255.0
200.21,240.0
197.12,225.0
193.92,205.0
190.75,190.0
187.53,175.0
184.31,160.0
181.15,145.0
178.05,130.0
174.98,110.0
171.98,95.0
169.01,85.0
166.12,70.0
163.32,55.0
160.61,40.0
157.99,25.0
155.45,0.0
153.05,0.0
150.73,0.0
148.44,0.0
146.24,0.0
144.2,4.0
142.24,10.0
140.34,18.0
138.55,28.0
136.82,40.0
135.19,51.0
133.66,66.0
132.22,80.0
130.82,99.0
129.5,115.0
128.26,120.0
127.09,125.0
125.95,135.0
124.87,140.0
123.86,145.0
122.9,150.0
121.99,155.0
121.14,155.0
120.33,160.0
119.57,165.0
118.81,170.0
118.09,170.0
117.41,175.0
116.77,180.0
116.15,180.0
115.57,185.0
115.02,185.0
114.49,190.0
113.96,195.0
113.49,195.0
113.03,195.0
112.6,200.0
112.19,200.0
111.8,205.0
111.43,205.0
111.07,205.0
110.7,210.0
110.35,210.0
110.04,210.0
109.74,215.0
109.45,215.0
109.18,215.0
108.92,220.0
108.67,220.0
108.4,220.0
108.17,220.0
107.95,225.0
107.74,225.0
107.53,225.0
107.33,225.0
107.14,225.0
106.96,230.0
106.78,230.0
106.61,230.0
106.45,230.0
106.29,230.0
106.14,230.0
105.99,235.0
105.44,235.0
105.27,235.0
105.08,235.0
104.9,240.0
104.7,240.0
104.57,240.0
104.58,240.0
104.62,240.0
104.7,240.0
104.84,240.0
105.02,235.0
105.37,235.0
105.71,235.0
106.07,230.0
106.49,230.0
107.12,225.0
107.82,225.0
108.59,220.0
109.6,215.0
110.6,210.0
111.82,205.0
113.15,195.0
114.63,190.0
116.4,180.0
118.18,170.0
120.12,160.0
122.23,150.0
124.73,140.0
127.44,125.0
130.35,110.0
133.53,95.0
136.96,80.0
140.61,60.0
144.17,40.0
148.15,0.0
152.3,0.0
156.23,0.0
160.55,0.0
164.93,6.0
168.89,16.0
173.2,31.0
177.56,50.0
181.42,72.0
185.61,99.0
189.74,129.0
193.3,164.0
197.13,202.0
200.88,240.0
204.55,255.0
208.02,255.0
211.46,255.0
214.81,255.0
218.02,255.0
221.04,255.0
223.98,255.0
226.85,255.0
229.53,255.0
232.1,255.0
234.44,255.0
236.2,255.0
238.3,255.0
239.79,255.0
241.02,255.0
242.1,255.0
243.01,255.0
243.71,255.0
244.27,255.0
244.43,255.0
244.75,255.0
244.96,255.0
244.81,255.0
244.59,255.0
244.31,255.0
243.97,255.0
243.35,255.0
242.79,255.0
242.02,255.0
241.36,255.0
240.46,255.0
239.53,255.0
238.54,255.0
237.39,255.0
236.25,255.0
234.94,255.0
233.6,255.0
232.2,255.0
230.6,255.0
228.94,255.0
227.31,255.0
225.64,255.0
223.67,255.0
221.58,255.0
219.42,255.0
217.15,255.0
214.73,255.0
212.27,255.0
209.73,255.0
207.12,255.0
204.48,255.0
201.82,245.0
199.13,235.0
196.43,220.0
193.2,205.0
189.84,185.0
20.5,0.0
30.26,0.0
37.74,0.0
44.77,0.0
51.98,0.0
58.58,0.0
64.83,0.0
70.74,0.0
76.57,0.0
82.02,0.0
87.31,0.0
92.39,0.0
93.48,0.0
94.04,0.0
94.12,0.0
93.67,0.0
92.51,0.0
91.15,0.0
89.57,0.0
87.77,0.0
85.84,0.0
83.84,0.0
81.72,0.0
79.54,0.0
77.35,0.0
75.15,0.0
72.93,0.0
70.7,0.0
68.46,0.0
66.25,0.0
64.07,0.0
61.92,0.0
59.79,0.0
57.69,0.0
55.66,0.0
53.7,0.0
51.75,0.0
49.86,0.0
48.04,0.0
46.27,0.0
44.55,0.0
42.88,0.0
41.3,0.0
39.77,0.0
38.28,0.0
36.87,0.0
35.5,0.0
34.2,0.0
32.93,0.0
31.73,0.0
30.59,0.0
29.48,0.0
28.42,0.0
0.0,0.0
0.0,0.0
0.0,0.0
0.0,0.0
0.0,0.0
0.0,0.0
0.0,0.0
0.0,0.0
0.0,0.0
0.0,0.0
0.0,0.0
0.0,0.0
0.0,0.0
0.0,0.0
0.0,0.0
0.0,0.0
0.0,0.0
0.0,0.0
0.0,0.0
0.0,0.0
0.0,0.0
0.0,0.0
0.0,0.0
0.0,0.0
0.0,0.0
0.0,0.0
0.0,0.0
0.0,0.0
0.0,0.0
0.0,0.0
0.0,0.0
0.0,0.0
0.0,0.0
0.0,0.0
0.0,0.0
0.0,0.0
0.0,0.0
0.0,0.0
0.0,0.0
0.0,0.0
0.0,0.0
0.0,0.0
0.0,0.0
0.0,0.0
0.0,0.0
0.0,0.0
0.0,0.0
0.0,0.0
0.0,0.0
0.0,0.0
0.0,0.0
0.0,0.0
0.0,0.0
0.0,0.0
0.0,0.0
0.0,0.0
0.0,0.0
0.0,0.0
0.0,0.0
0.0,0.0
0.0,0.0
0.0,0.0
0.0,0.0
0.0,0.0
0.0,0.0
0.0,0.0
0.0,0.0
0.0,0.0
0.0,0.0
0.0,0.0
0.0,0.0
0.0,0.0
0.0,0.0
0.0,0.0
0.0,0.0
0.0,0.0
0.0,0.0
0.0,0.0
0.0,0.0
0.0,0.0
0.0,0.0
0.0,0.0
0.0,0.0
0.0,0.0
0.0,0.0
0.0,0.0
0.0,0.0
0.0,0.0
0.0,0.0
0.0,0.0
0.0,0.0
0.0,0.0
0.0,0.0
0.0,0.0
0.0,0.0
0.0,0.0
0.0,0.0
0.0,0.0
0.0,0.0
0.0,0.0
0.0,0.0
0.0,0.0
0.0,0.0
0.0,0.0
0.0,0.0
0.0,0.0
0.0,0.0
0.0,0.0
0.0,0.0
0.0,0.0
0.16,0.0
0.41,0.0
0.72,0.0
1.1,1.0
1.56,4.0
2.1,6.0
2.71,11.0
3.41,17.0
4.19,22.0
5.06,30.0
6.02,40.0
7.07,50.0
7.87,64.0
8.65,72.0
14.18,68.0
22.59,62.0
35.73,46.0
57.09,10.0
92.73,50.0
125.75,106.0
165.34,178.0
208.2,255.0
248.95,255.0
280.78,255.0
306.99,255.0
326.97,255.0
341.19,255.0
352.71,255.0
360.94,255.0
365.38,255.0
367.94,255.0
370.85,255.0
371.44,255.0
371.23,255.0
370.64,255.0
369.76,255.0
369.35,255.0
367.99,255.0
366.46,255.0
364.9,255.0
363.19,255.0
361.34,255.0
359.47,255.0
357.59,255.0
355.63,255.0
353.71,255.0
351.66,255.0
349.69,255.0
347.74,255.0
345.77,255.0
343.33,255.0
340.91,255.0
338.86,255.0
336.35,255.0
333.76,255.0
331.1,255.0
328.51,255.0
325.45,255.0
322.62,255.0
319.76,255.0
316.93,255.0
313.68,255.0
310.51,255.0
307.27,255.0
303.97,255.0
300.33,255.0
296.63,255.0
293.18,255.0
289.41,255.0
285.58,255.0
281.54,255.0
277.66,255.0
273.8,255.0
269.72,250.0
265.61,240.0
261.35,232.0
257.06,224.0
252.74,214.0
248.47,206.0
244.18,198.0
239.93,186.0
235.74,178.0
231.25,170.0
226.68,160.0
222.18,152.0
217.62,142.0
213.13,134.0
208.72,122.0
204.38,114.0
200.0,104.0
195.82,96.0
191.79,88.0
187.77,80.0
183.95,72.0
180.33,66.0
176.22,58.0
172.18,50.0
168.14,40.0
164.11,32.0
160.08,24.0
156.12,16.0
152.16,0.0
148.33,0.0
144.56,0.0
140.92,0.0
137.39,2.0
133.98,6.0
130.67,10.0
127.47,16.0
124.37,24.0
121.42,33.0
117.92,44.0
115.03,54.0
111.59,68.0
108.75,82.0
105.36,88.0
102.05,94.0
98.71,102.0
95.39,108.0
92.04,114.0
89.27,120.0
86.07,126.0
82.94,134.0
80.49,138.0
78.21,142.0
75.49,148.0
73.48,152.0
71.71,156.0
70.07,158.0
68.54,162.0
67.23,164.0
66.1,166.0
65.05,170.0
64.13,172.0
63.32,174.0
62.6,176.0
61.94,178.0
61.36,178.0
60.86,180.0
60.48,180.0
60.15,180.0
59.93,182.0
59.75,182.0
59.62,182.0
59.53,182.0
59.45,182.0
59.4,182.0
59.39,182.0
59.41,182.0
59.51,182.0
59.67,182.0
59.87,182.0
60.06,180.0
60.33,180.0
60.61,180.0
60.88,180.0
61.16,178.0
61.56,178.0
61.99,178.0
62.43,176.0
62.93,176.0
63.5,174.0
64.04,172.0
64.72,172.0
65.46,170.0
66.18,168.0
66.98,168.0
67.82,166.0
68.67,164.0
69.66,162.0
70.77,160.0
71.86,160.0
72.99,158.0
74.38,154.0
75.87,152.0
77.32,148.0
78.94,146.0
80.7,142.0
82.67,138.0
84.61,134.0
86.64,130.0
88.89,126.0
91.27,120.0
93.71,116.0
96.32,110.0
99.03,104.0
101.8,100.0
104.94,94.0
107.94,88.0
111.27,80.0
114.74,74.0
118.29,66.0
121.97,60.0
126.11,50.0
129.98,44.0
133.9,36.0
137.87,28.0
141.87,20.0
145.83,12.0
149.69,0.0
153.5,0.0
157.25,0.0
160.88,1.0
164.37,5.0
167.79,9.0
171.07,16.0
174.22,23.0
177.69,31.0
180.57,40.0
183.39,51.0
186.08,63.0
188.66,74.0
191.07,80.0
193.32,84.0
195.48,88.0
197.49,92.0
199.37,96.0
201.13,100.0
202.81,102.0
204.39,106.0
205.86,108.0
207.24,112.0
208.57,114.0
209.82,116.0
210.99,118.0
212.04,122.0
213.07,124.0
214.0,124.0
214.87,126.0
215.68,128.0
216.17,130.0
216.59,130.0
216.94,130.0
217.42,132.0
217.62,132.0
217.97,132.0
218.35,134.0
218.47,134.0
218.55,134.0
218.81,134.0
218.85,134.0
218.85,134.0
218.83,134.0
218.78,134.0
218.67,134.0
218.42,134.0
218.12,134.0
217.78,132.0
217.4,132.0
216.96,130.0
216.64,130.0
216.28,130.0
215.81,128.0
215.35,128.0
214.86,126.0
214.45,126.0
213.94,124.0
213.42,124.0
212.88,122.0
212.34,122.0
211.76,120.0
211.2,120.0
210.6,118.0
209.93,116.0
209.21,116.0
208.47,114.0
207.71,112.0
206.92,110.0
206.11,110.0
205.27,108.0
204.4,106.0
203.51,104.0
202.54,102.0
201.63,100.0
200.61,96.0
199.57,94.0
198.5,92.0
197.42,90.0
196.24,88.0
195.1,86.0
193.85,82.0
192.58,80.0
191.27,78.0
189.95,74.0
188.6,72.0
187.29,70.0
185.92,66.0
184.47,64.0
182.99,60.0
181.51,58.0
179.98,54.0
178.46,52.0
176.9,48.0
175.34,46.0
173.78,42.0
172.22,40.0
170.73,36.0
169.22,34.0
167.71,30.0
166.21,28.0
164.75,24.0
163.31,22.0
161.91,18.0
160.52,16.0
159.14,14.0
157.82,10.0
156.53,0.0
155.26,0.0
154.04,0.0
152.86,0.0
151.7,0.0
150.65,0.0
149.57,0.0
148.54,0.0
147.62,0.0
146.67,1.0
145.76,2.0
144.88,4.0
144.12,6.0
143.38,9.0
142.61,12.0
141.88,15.0
141.17,17.0
140.56,21.0
139.92,26.0
139.3,26.0
138.71,28.0
138.2,28.0
137.71,30.0
137.19,30.0
136.75,32.0
136.32,32.0
135.86,34.0
135.5,34.0
135.16,34.0
134.83,36.0
134.51,36.0
134.23,36.0
133.97,38.0
133.71,38.0
133.49,38.0
133.23,38.0
133.01,38.0
132.79,40.0
132.56,40.0
132.38,40.0
132.21,40.0
132.05,40.0
131.89,42.0
131.74,42.0
131.6,42.0
131.45,42.0
131.34,42.0
131.23,42.0
131.12,42.0
131.02,42.0
130.92,44.0
130.84,44.0
130.81,44.0
130.7,44.0
130.59,44.0
130.47,44.0
130.39,44.0
130.31,44.0
130.24,44.0
130.16,44.0
130.09,44.0
129.99,46.0
129.92,46.0
129.86,46.0
129.76,46.0
129.68,46.0
129.61,46.0
129.52,46.0
129.42,46.0
129.35,46.0
129.28,46.0
129.22,46.0
129.12,46.0
129.06,46.0
128.97,48.0
128.91,48.0
128.86,48.0
128.8,48.0
128.72,48.0
128.67,48.0
128.62,48.0
128.57,48.0
128.52,48.0
128.47,48.0
128.42,48.0
128.39,48.0
128.36,48.0
128.33,48.0
128.3,48.0
128.27,48.0
128.24,48.0
128.25,48.0
128.24,48.0
128.22,48.0
128.24,48.0
128.26,48.0
128.3,48.0
128.33,48.0
128.38,48.0
128.43,48.0
128.5,48.0
128.56,48.0
128.63,48.0
128.7,48.0
128.77,48.0
128.86,48.0
128.91,48.0
128.99,48.0
129.07,46.0
129.14,46.0
129.23,46.0
129.31,46.0
129.41,46.0
129.49,46.0
129.58,46.0
129.67,46.0
129.79,46.0
129.89,46.0
129.99,46.0
130.08,44.0
130.19,44.0
130.29,44.0
130.4,44.0
130.5,44.0
130.6,44.0
130.7,44.0
130.76,44.0
130.83,44.0
130.92,44.0
131.0,42.0
131.07,42.0
131.16,42.0
131.24,42.0
131.32,42.0
131.4,42.0
131.47,42.0
131.55,42.0
131.63,42.0
131.71,42.0
131.8,42.0
131.86,42.0
131.93,42.0
132.0,40.0
132.08,40.0
132.14,40.0
132.21,40.0
132.29,40.0
132.34,40.0
132.4,40.0
132.47,40.0
132.53,40.0
132.59,40.0
132.63,40.0
132.69,40.0
132.75,40.0
132.78,40.0
132.83,40.0
132.88,40.0
132.93,40.0
132.99,40.0
133.05,38.0
133.1,38.0
133.16,38.0
133.21,38.0
133.26,38.0
133.32,38.0
133.38,38.0
133.43,38.0
133.48,38.0
133.56,38.0
133.62,38.0
133.69,38.0
133.73,38.0
133.78,38.0
133.84,38.0
133.89,38.0
133.95,38.0
134.0,36.0
134.04,36.0
134.08,36.0
134.13,36.0
134.17,36.0
134.21,36.0
134.24,36.0
134.28,36.0
134.32,36.0
134.36,36.0
134.4,36.0
134.44,36.0
134.5,36.0
134.55,36.0
134.59,36.0
134.67,36.0
134.74,36.0
134.82,36.0
134.88,36.0
134.95,36.0
134.99,36.0
135.04,34.0
135.07,34.0
135.11,34.0
135.15,34.0
135.18,34.0
135.22,34.0
135.25,34.0
135.29,34.0
135.32,34.0
135.35,34.0
135.37,34.0
135.4,34.0
135.43,34.0
135.47,34.0
135.5,34.0
135.53,34.0
135.55,34.0
135.58,34.0
135.59,34.0
135.62,34.0
135.64,34.0
135.66,34.0
135.69,34.0
135.71,34.0
135.74,34.0
135.78,34.0
135.82,34.0
135.85,34.0
135.88,34.0
135.91,34.0
135.94,34.0
135.97,34.0
136.0,32.0
136.01,32.0
136.03,32.0
136.04,32.0
136.07,32.0
136.07,32.0
136.09,32.0
136.09,32.0
136.11,32.0
136.11,32.0
136.1,32.0
136.12,32.0
136.11,32.0
136.1,32.0
136.11,32.0
136.11,32.0
136.12,32.0
136.13,32.0
136.15,32.0
136.16,32.0
136.18,32.0
136.18,32.0
136.18,32.0
136.18,32.0
136.17,32.0
136.16,32.0
136.16,32.0
136.16,32.0
136.16,32.0
136.15,32.0
136.14,32.0
136.13,32.0
136.12,32.0
136.12,32.0
136.12,32.0
136.12,32.0
136.11,32.0
136.1,32.0
136.1,32.0
136.1,32.0
136.1,32.0
136.09,32.0
136.08,32.0
136.06,32.0
136.05,32.0
136.05,32.0
136.04,32.0
136.04,32.0
136.02,32.0
136.02,32.0
136.01,32.0
136.0,32.0
135.98,34.0
135.98,34.0
135.96,34.0
135.95,34.0
135.94,34.0
135.92,34.0
135.91,34.0
135.89,34.0
135.87,34.0
135.86,34.0
135.85,34.0
135.84,34.0
135.83,34.0
135.84,34.0
135.83,34.0
135.83,34.0
135.84,34.0
135.84,34.0
135.85,34.0
135.86,34.0
135.87,34.0
135.88,34.0
135.89,34.0
135.9,34.0
135.92,34.0
135.93,34.0
135.95,34.0
135.96,34.0
135.98,34.0
136.0,32.0
136.02,32.0
136.03,32.0
136.04,32.0
136.06,32.0
136.07,32.0
136.08,32.0
136.1,32.0
136.1,32.0
136.1,32.0
136.1,32.0
136.11,32.0
136.11,32.0
136.1,32.0
136.1,32.0
136.11,32.0
136.11,32.0
136.11,32.0
136.11,32.0
136.12,32.0
136.12,32.0
136.12,32.0
136.12,32.0
136.13,32.0
136.12,32.0
136.12,32.0
136.12,32.0
136.11,32.0
136.1,32.0
136.1,32.0
136.09,32.0
136.08,32.0
136.07,32.0
136.05,32.0
136.03,32.0
136.02,32.0
136.01,32.0
136.01,32.0
136.0,34.0
135.98,34.0
135.98,34.0
135.97,34.0
135.96,34.0
135.94,34.0
135.92,34.0
135.91,34.0
135.89,34.0
135.89,34.0
135.87,34.0
135.85,34.0
135.83,34.0
135.82,34.0
135.81,34.0
135.8,34.0
135.79,34.0
135.79,34.0
135.78,34.0
135.78,34.0
135.78,34.0
135.78,34.0
135.79,34.0
135.8,34.0
135.8,34.0
135.8,34.0
135.8,34.0
135.81,34.0
135.82,34.0
135.82,34.0
135.83,34.0
135.84,34.0
135.85,34.0
135.86,34.0
135.87,34.0
135.88,34.0
135.89,34.0
135.89,34.0
135.9,34.0
135.91,34.0
135.92,34.0
135.93,34.0
135.94,34.0
135.95,34.0
135.97,34.0
135.98,34.0
135.99,34.0
136.01,32.0
136.01,32.0
136.02,32.0
136.03,32.0
136.04,32.0
136.05,32.0
136.06,32.0
136.07,32.0
136.08,32.0
136.09,32.0
136.1,32.0
136.12,32.0
136.13,32.0
136.13,32.0
136.14,32.0
136.15,32.0
136.16,32.0
136.16,32.0
136.16,32.0
136.16,32.0
136.16,32.0
136.15,32.0
136.15,32.0
136.16,32.0
136.16,32.0
136.15,32.0
136.14,32.0
136.14,32.0
136.13,32.0
136.12,32.0
136.11,32.0
136.11,32.0
136.09,32.0
136.08,32.0
136.08,32.0
136.07,32.0
136.06,32.0
136.06,32.0
136.05,32.0
136.05,32.0
136.04,32.0
136.03,32.0
136.02,32.0
136.02,32.0
136.02,32.0
136.02,32.0
136.02,32.0
136.01,32.0
136.02,32.0
136.01,32.0
136.02,32.0
136.02,32.0
136.02,32.0
136.02,32.0
136.02,32.0
136.01,32.0
136.02,32.0
136.01,32.0
136.02,32.0
136.01,32.0
136.0,32.0
136.0,34.0
135.99,34.0
135.98,34.0
135.97,34.0
135.95,34.0
135.95,34.0
135.94,34.0
135.92,34.0
135.9,34.0
135.89,34.0
135.87,34.0
135.85,34.0
135.83,34.0
135.81,34.0
135.8,34.0
135.78,34.0
135.77,34.0
135.74,34.0
135.72,34.0
135.7,34.0
135.69,34.0
135.68,34.0
135.66,34.0
135.64,34.0
135.61,34.0
135.59,34.0
135.56,34.0
135.52,34.0
135.5,34.0
135.46,34.0
135.44,34.0
135.41,34.0
135.38,34.0
135.35,34.0
135.31,34.0
135.29,34.0
135.25,34.0
135.22,34.0
135.19,34.0
135.16,34.0
135.13,34.0
135.1,34.0
135.06,34.0
135.03,34.0
135.0,36.0
134.97,36.0
134.94,36.0
134.9,36.0
134.87,36.0
134.84,36.0
134.82,36.0
134.8,36.0
134.77,36.0
134.75,36.0
134.73,36.0
134.71,36.0
134.68,36.0
134.66,36.0
134.64,36.0
134.62,36.0
134.6,36.0
134.58,36.0
134.56,36.0
134.54,36.0
134.52,36.0
134.5,36.0
134.48,36.0
134.47,36.0
134.45,36.0
134.44,36.0
134.42,36.0
134.41,36.0
134.39,36.0
134.37,36.0
134.35,36.0
134.34,36.0
134.32,36.0
134.3,36.0
134.28,36.0
134.26,36.0
134.24,36.0
134.21,36.0
134.19,36.0
134.17,36.0
134.14,36.0
134.12,36.0
134.09,36.0
134.06,36.0
134.04,36.0
134.01,36.0
134.0,38.0
133.98,38.0
133.97,38.0
133.95,38.0
133.94,38.0
133.93,38.0
133.92,38.0
133.91,38.0
133.91,38.0
133.89,38.0
133.88,38.0
133.87,38.0
133.86,38.0
133.85,38.0
133.84,38.0
133.83,38.0
133.82,38.0
133.82,38.0
133.81,38.0
133.81,38.0
133.81,38.0
133.82,38.0
133.82,38.0
133.82,38.0
133.83,38.0
133.83,38.0
133.84,38.0
133.84,38.0
133.85,38.0
133.85,38.0
133.85,38.0
133.85,38.0
133.86,38.0
133.86,38.0
133.86,38.0
133.86,38.0
133.87,38.0
133.88,38.0
133.88,38.0
133.88,38.0
133.88,38.0
133.87,38.0
133.86,38.0
133.85,38.0
133.84,38.0
133.83,38.0
133.82,38.0
133.81,38.0
133.8,38.0
133.8,38.0
133.79,38.0
133.78,38.0
133.76,38.0
133.75,38.0
133.75,38.0
133.75,38.0
133.75,38.0
133.74,38.0
133.73,38.0
133.72,38.0
133.71,38.0
133.71,38.0
133.7,38.0
133.69,38.0
133.68,38.0
133.67,38.0
133.65,38.0
133.64,38.0
133.62,38.0
133.6,38.0
133.59,38.0
133.56,38.0
133.54,38.0
133.53,38.0
133.52,38.0
133.5,38.0
133.48,38.0
133.47,38.0
133.45,38.0
133.43,38.0
133.42,38.0
133.4,38.0
133.38,38.0
133.36,38.0
133.34,38.0
133.32,38.0
133.3,38.0
133.28,38.0
133.26,38.0
133.24,38.0
133.22,38.0
133.2,38.0
133.18,38.0
133.16,38.0
133.14,38.0
133.12,38.0
133.1,38.0
133.09,38.0
133.07,38.0
133.05,38.0
133.03,38.0
133.01,38.0
132.99,40.0
132.97,40.0
132.95,40.0
132.93,40.0
132.92,40.0
132.9,40.0
132.89,40.0
132.88,40.0
132.87,40.0
132.86,40.0
132.85,40.0
132.84,40.0
132.83,40.0
132.82,40.0
132.8,40.0
132.79,40.0
132.77,40.0
132.76,40.0
132.75,40.0
132.73,40.0
132.71,40.0
132.7,40.0
132.68,40.0
132.67,40.0
132.65,40.0
132.64,40.0
132.62,40.0
132.6,40.0
132.58,40.0
132.56,40.0
132.55,40.0
132.53,40.0
132.51,40.0
132.49,40.0
132.48,40.0
132.46,40.0
132.44,40.0
132.43,40.0
132.41,40.0
132.39,40.0
132.36,40.0
132.34,40.0
132.32,40.0
132.29,40.0
132.27,40.0
132.24,40.0
132.22,40.0
132.18,40.0
132.16,40.0
132.13,40.0
132.1,40.0
132.06,40.0
132.03,40.0
131.99,42.0
131.96,42.0
131.93,42.0
131.89,42.0
131.86,42.0
131.83,42.0
131.81,42.0
131.78,42.0
131.75,42.0
131.73,42.0
131.7,42.0
131.67,42.0
131.65,42.0
131.63,42.0
131.61,42.0
131.59,42.0
131.57,42.0
131.55,42.0
131.53,42.0
131.51,42.0
131.49,42.0
131.47,42.0
131.46,42.0
131.44,42.0
131.42,42.0
131.4,42.0
131.38,42.0
131.36,42.0
131.35,42.0
131.33,42.0
131.31,42.0
131.29,42.0
131.27,42.0
131.25,42.0
131.22,42.0
131.19,42.0
131.17,42.0
131.14,42.0
131.1,42.0
131.08,42.0
131.05,42.0
131.02,42.0
131.0,44.0
130.97,44.0
130.95,44.0
130.93,44.0
130.91,44.0
130.89,44.0
130.87,44.0
130.86,44.0
130.84,44.0
130.83,44.0
130.81,44.0
130.79,44.0
130.78,44.0
130.76,44.0
130.74,44.0
130.73,44.0
130.72,44.0
130.7,44.0
130.68,44.0
130.67,44.0
130.66,44.0
130.65,44.0
130.63,44.0
130.61,44.0
130.59,44.0
130.58,44.0
130.56,44.0
130.55,44.0
130.52,44.0
130.5,44.0
130.48,44.0
130.46,44.0
130.45,44.0
130.43,44.0
130.41,44.0
130.39,44.0
130.37,44.0
130.36,44.0
130.35,44.0
130.34,44.0
130.33,44.0
130.31,44.0
130.29,44.0
130.28,44.0
130.27,44.0
130.25,44.0
130.24,44.0
130.22,44.0
130.21,44.0
130.2,44.0
130.18,44.0
130.17,44.0
130.16,44.0
130.14,44.0
130.13,44.0
130.11,44.0
130.1,44.0
130.08,44.0
130.07,44.0
130.06,44.0
130.05,44.0
130.03,44.0
130.03,44.0
130.02,44.0
130.02,44.0
130.01,44.0
130.0,44.0
130.0,46.0
129.99,46.0
129.98,46.0
129.97,46.0
129.97,46.0
129.96,46.0
129.94,46.0
129.92,46.0
129.91,46.0
129.9,46.0
129.88,46.0
129.87,46.0
129.85,46.0
129.82,46.0
129.81,46.0
129.79,46.0
129.77,46.0
129.76,46.0
129.74,46.0
129.72,46.0
129.71,46.0
129.7,46.0
129.68,46.0
129.66,46.0
129.65,46.0
129.64,46.0
129.62,46.0
129.61,46.0
129.6,46.0
129.58,46.0
129.57,46.0
129.55,46.0
129.54,46.0
129.53,46.0
129.51,46.0
129.5,46.0
129.48,46.0
129.47,46.0
129.45,46.0
129.43,46.0
129.42,46.0
129.4,46.0
129.39,46.0
129.38,46.0
129.36,46.0
129.35,46.0
129.34,46.0
129.32,46.0
129.31,46.0
129.29,46.0
129.27,46.0
129.25,46.0
129.23,46.0
129.22,46.0
129.2,46.0
129.17,46.0
129.16,46.0
129.15,46.0
129.14,46.0
129.12,46.0
129.11,46.0
129.09,46.0
129.07,46.0
129.05,46.0
129.03,46.0
129.02,46.0
129.0,46.0
128.99,48.0
128.97,48.0
128.96,48.0
128.95,48.0
128.93,48.0
128.91,48.0
128.9,48.0
128.88,48.0
128.86,48.0
128.84,48.0
128.83,48.0
128.81,48.0
128.79,48.0
128.78,48.0
128.76,48.0
128.74,48.0
128.73,48.0
128.71,48.0
128.7,48.0
128.68,48.0
128.67,48.0
128.66,48.0
128.65,48.0
128.64,48.0
128.62,48.0
128.61,48.0
128.6,48.0
128.58,48.0
128.57,48.0
128.55,48.0
128.53,48.0
128.52,48.0
128.51,48.0
128.5,48.0
128.48,48.0
128.47,48.0
128.45,48.0
128.45,48.0
128.42,48.0
128.4,48.0
128.39,48.0
128.37,48.0
128.35,48.0
128.34,48.0
128.32,48.0
128.3,48.0
128.29,48.0
128.28,48.0
128.27,48.0
128.25,48.0
128.23,48.0
128.21,48.0
128.18,48.0
128.17,48.0
128.15,48.0
128.13,48.0
128.12,48.0
128.12,48.0
128.1,48.0
128.1,48.0
128.09,48.0
128.08,48.0
128.08,48.0
128.07,48.0
128.06,48.0
128.06,48.0
128.05,48.0
128.05,48.0
128.04,48.0
128.04,48.0
128.03,48.0
128.02,48.0
128.02,48.0
128.02,48.0
128.01,48.0
128.0,48.0
128.0,50.0
128.0,50.0
127.98,50.0
127.97,50.0
127.97,50.0
127.95,50.0
127.93,50.0
127.92,50.0
127.9,50.0
127.88,50.0
127.87,50.0
127.84,50.0
127.82,50.0
127.8,50.0
127.77,50.0
127.74,50.0
127.71,50.0
127.68,50.0
127.65,50.0
127.63,50.0
127.61,50.0
127.58,50.0
127.55,50.0
127.52,50.0
127.5,50.0
127.47,50.0
127.45,50.0
127.43,50.0
127.41,50.0
127.39,50.0
127.37,50.0
127.35,50.0
127.33,50.0
127.32,50.0
127.3,50.0
127.28,50.0
127.26,50.0
127.25,50.0
127.23,50.0
127.21,50.0
127.18,50.0
127.16,50.0
127.13,50.0
127.11,50.0
127.08,50.0
127.06,50.0
127.05,50.0
127.02,50.0
127.0,52.0
126.98,52.0
126.96,52.0
126.94,52.0
126.92,52.0
126.91,52.0
126.89,52.0
126.88,52.0
126.87,52.0
126.86,52.0
126.84,52.0
126.82,52.0
126.8,52.0
126.79,52.0
126.77,52.0
126.75,52.0
126.73,52.0
126.71,52.0
126.68,52.0
126.65,52.0
126.62,52.0
126.59,52.0
126.56,52.0
126.52,52.0
126.48,52.0
126.44,52.0
126.4,52.0
126.35,52.0
126.3,52.0
126.26,52.0
126.2,52.0
126.15,52.0
126.11,52.0
126.06,52.0
126.02,52.0
125.97,54.0
125.93,54.0
125.88,54.0
125.84,54.0
125.79,54.0
125.75,54.0
125.71,54.0
125.67,54.0
125.63,54.0
125.59,54.0
125.56,54.0
125.52,54.0
125.48,54.0
125.45,54.0
125.42,54.0
125.38,54.0
125.35,54.0
125.31,54.0
125.29,54.0
125.25,54.0
125.22,54.0
125.2,54.0
125.18,54.0
125.15,54.0
125.12,54.0
125.09,54.0
125.06,54.0
125.04,54.0
125.02,54.0
125.0,54.0
124.99,56.0
124.98,56.0
124.96,56.0
124.95,56.0
124.93,56.0
124.92,56.0
124.91,56.0
124.9,56.0
124.89,56.0
124.88,56.0
124.87,56.0
124.87,56.0
124.86,56.0
124.86,56.0
124.85,56.0
124.85,56.0
124.84,56.0
124.83,56.0
124.83,56.0
124.83,56.0
124.82,56.0
124.81,56.0
124.81,56.0
124.79,56.0
124.78,56.0
124.78,56.0
124.77,56.0
124.77,56.0
124.76,56.0
124.75,56.0
124.74,56.0
124.73,56.0
124.72,56.0
124.7,56.0
124.69,56.0
124.67,56.0
124.66,56.0
124.64,56.0
124.63,56.0
124.62,56.0
124.6,56.0
124.58,56.0
124.57,56.0
124.55,56.0
124.53,56.0
124.5,56.0
124.48,56.0
124.46,56.0
124.43,56.0
124.41,56.0
124.38,56.0
124.35,56.0
124.32,56.0
124.3,56.0
124.27,56.0
124.24,56.0
124.21,56.0
124.19,56.0
124.15,56.0
124.14,56.0
124.12,56.0
124.09,56.0
124.08,56.0
124.06,56.0
124.04,56.0
124.03,56.0
124.01,56.0
123.99,58.0
123.97,58.0
123.95,58.0
123.93,58.0
123.9,58.0
123.88,58.0
123.86,58.0
123.83,58.0
123.81,58.0
123.78,58.0
123.76,58.0
123.73,58.0
123.71,58.0
123.7,58.0
123.68,58.0
123.66,58.0
123.65,58.0
123.64,58.0
123.63,58.0
123.61,58.0
123.6,58.0
123.58,58.0
123.56,58.0
123.54,58.0
123.52,58.0
123.5,58.0
123.48,58.0
123.47,58.0
123.46,58.0
123.45,58.0
123.44,58.0
123.42,58.0
123.42,58.0
123.41,58.0
123.39,58.0
123.38,58.0
123.37,58.0
123.36,58.0
123.35,58.0
123.33,58.0
123.33,58.0
123.32,58.0
123.31,58.0
123.29,58.0
123.29,58.0
123.28,58.0
123.27,58.0
123.26,58.0
123.24,58.0
123.23,58.0
123.21,58.0
123.19,58.0
123.17,58.0
123.16,58.0
123.15,58.0
123.13,58.0
123.12,58.0
123.11,58.0
123.11,58.0
123.09,58.0
123.08,58.0
123.06,58.0
123.05,58.0
123.03,58.0
123.02,58.0
123.0,60.0
122.98,60.0
122.96,60.0
122.95,60.0
122.92,60.0
122.9,60.0
122.89,60.0
122.87,60.0
122.85,60.0
122.83,60.0
122.81,60.0
122.79,60.0
122.77,60.0
122.75,60.0
122.73,60.0
122.71,60.0
122.69,60.0
122.68,60.0
122.66,60.0
122.64,60.0
122.62,60.0
122.6,60.0
122.57,60.0
122.54,60.0
122.51,60.0
122.49,60.0
122.45,60.0
122.43,60.0
122.39,60.0
122.36,60.0
122.34,60.0
122.32,60.0
122.3,60.0
122.27,60.0
122.25,60.0
122.23,60.0
122.21,60.0
122.18,60.0
122.16,60.0
122.14,60.0
122.12,60.0
122.09,60.0
122.07,60.0
122.05,60.0
122.02,60.0
122.0,60.0
121.98,62.0
121.96,62.0
121.94,62.0
121.92,62.0
121.89,62.0
121.87,62.0
121.84,62.0
121.82,62.0
121.8,62.0
121.77,62.0
121.75,62.0
121.72,62.0
121.69,62.0
121.67,62.0
121.64,62.0
121.62,62.0
121.59,62.0
121.56,62.0
121.54,62.0
121.51,62.0
121.48,62.0
121.45,62.0
121.41,62.0
121.37,62.0
121.33,62.0
121.29,62.0
121.24,62.0
121.2,62.0
121.15,62.0
121.09,62.0
121.04,62.0
120.99,64.0
120.94,64.0
120.89,64.0
120.84,64.0
120.8,64.0
120.74,64.0
120.69,64.0
120.64,64.0
120.6,64.0
120.55,64.0
120.51,64.0
120.47,64.0
120.42,64.0
120.38,64.0
120.33,64.0
120.29,64.0
120.25,64.0
120.21,64.0
120.18,64.0
120.14,64.0
120.1,64.0
120.07,64.0
120.04,64.0
119.99,66.0
119.96,66.0
119.93,66.0
119.9,66.0
119.87,66.0
119.84,66.0
119.8,66.0
119.77,66.0
119.74,66.0
119.7,66.0
119.67,66.0
119.64,66.0
119.6,66.0
119.56,66.0
119.53,66.0
119.5,66.0
119.47,66.0
119.45,66.0
